THSMSTRLSM;KDPTITRLSM;KDJENTRLSM;KDPSTTRLSM;NIMHSTRLSM;STMHSTRLSM;TGLLSTRLSM;SKSTTTRLSM;NLIPKTRLSM;NOSKRTRLSM;TGLRETRLSM;NOIJATRLSM;STLLSTRLSM;JNLLSTRLSM;BLAWLTRLSM;BLAKHTRLSM;NODS1TRLSM;NODS2TRLSM;NODS3TRLSM;NODS4TRLSM;NODS5TRLSM
20132;071079;C;200;200711029;A;;;;;;;;;;;;;;;
20132;071079;C;200;200711080;N;;;;;;;;;;;;;;;
20132;071079;C;200;200711106;N;;;;;;;;;;;;;;;
20132;071079;C;200;200711136;A;;;;;;;;;;;;;;;
20132;071079;C;200;200811005;A;;;;;;;;;;;;;;;
20132;071079;C;200;200811051;A;;;;;;;;;;;;;;;
20132;071079;C;200;200811058;A;;;;;;;;;;;;;;;
20132;071079;C;200;200811086;A;;;;;;;;;;;;;;;
20132;071079;C;200;200811098;A;;;;;;;;;;;;;;;
20132;071079;C;200;200811119;N;;;;;;;;;;;;;;;
20132;071079;C;200;200911015;A;;;;;;;;;;;;;;;
20132;071079;C;200;200911016;A;;;;;;;;;;;;;;;
20132;071079;C;200;200911026;A;;;;;;;;;;;;;;;
20132;071079;C;200;200911036;A;;;;;;;;;;;;;;;
20132;071079;C;200;200911040;A;;;;;;;;;;;;;;;
20132;071079;C;200;200911043;N;;;;;;;;;;;;;;;
20132;071079;C;200;200911050;A;;;;;;;;;;;;;;;
20132;071079;C;200;200911056;N;;;;;;;;;;;;;;;
20132;071079;C;200;200911058;A;;;;;;;;;;;;;;;
20132;071079;C;200;200911060;A;;;;;;;;;;;;;;;
20132;071079;C;200;200911064;N;;;;;;;;;;;;;;;
20132;071079;C;200;200911065;A;;;;;;;;;;;;;;;
20132;071079;C;200;200911072;A;;;;;;;;;;;;;;;
20132;071079;C;200;200911074;A;;;;;;;;;;;;;;;
20132;071079;C;200;200911081;A;;;;;;;;;;;;;;;
20132;071079;C;200;200911096;A;;;;;;;;;;;;;;;
20132;071079;C;200;200911097;A;;;;;;;;;;;;;;;
20132;071079;C;200;200911100;A;;;;;;;;;;;;;;;
20132;071079;C;200;200911101;A;;;;;;;;;;;;;;;
20132;071079;C;200;200911116;N;;;;;;;;;;;;;;;
20132;071079;C;200;200911122;N;;;;;;;;;;;;;;;
20132;071079;C;200;200911134;A;;;;;;;;;;;;;;;
20132;071079;C;200;200911142;A;;;;;;;;;;;;;;;
20132;071079;C;200;200911152;A;;;;;;;;;;;;;;;
20132;071079;C;200;200911157;A;;;;;;;;;;;;;;;
20132;071079;C;200;200911159;A;;;;;;;;;;;;;;;
20132;071079;C;200;200911160;A;;;;;;;;;;;;;;;
20132;071079;C;200;200911161;A;;;;;;;;;;;;;;;
20132;071079;C;200;200911165;N;;;;;;;;;;;;;;;
20132;071079;C;200;200911176;A;;;;;;;;;;;;;;;
20132;071079;C;200;201011001;N;;;;;;;;;;;;;;;
20132;071079;C;200;201011004;A;;;;;;;;;;;;;;;
20132;071079;C;200;201011005;A;;;;;;;;;;;;;;;
20132;071079;C;200;201011006;A;;;;;;;;;;;;;;;
20132;071079;C;200;201011010;A;;;;;;;;;;;;;;;
20132;071079;C;200;201011011;A;;;;;;;;;;;;;;;
20132;071079;C;200;201011012;A;;;;;;;;;;;;;;;
20132;071079;C;200;201011013;A;;;;;;;;;;;;;;;
20132;071079;C;200;201011016;A;;;;;;;;;;;;;;;
20132;071079;C;200;201011018;A;;;;;;;;;;;;;;;
20132;071079;C;200;201011021;A;;;;;;;;;;;;;;;
20132;071079;C;200;201011022;A;;;;;;;;;;;;;;;
20132;071079;C;200;201011024;A;;;;;;;;;;;;;;;
20132;071079;C;200;201011026;N;;;;;;;;;;;;;;;
20132;071079;C;200;201011027;A;;;;;;;;;;;;;;;
20132;071079;C;200;201011028;A;;;;;;;;;;;;;;;
20132;071079;C;200;201011029;A;;;;;;;;;;;;;;;
20132;071079;C;200;201011032;A;;;;;;;;;;;;;;;
20132;071079;C;200;201011034;A;;;;;;;;;;;;;;;
20132;071079;C;200;201011037;A;;;;;;;;;;;;;;;
20132;071079;C;200;201011038;A;;;;;;;;;;;;;;;
20132;071079;C;200;201011043;N;;;;;;;;;;;;;;;
20132;071079;C;200;201011044;N;;;;;;;;;;;;;;;
20132;071079;C;200;201011045;A;;;;;;;;;;;;;;;
20132;071079;C;200;201011046;A;;;;;;;;;;;;;;;
20132;071079;C;200;201011050;N;;;;;;;;;;;;;;;
20132;071079;C;200;201011051;A;;;;;;;;;;;;;;;
20132;071079;C;200;201011052;N;;;;;;;;;;;;;;;
20132;071079;C;200;201011058;A;;;;;;;;;;;;;;;
20132;071079;C;200;201011059;A;;;;;;;;;;;;;;;
20132;071079;C;200;201011062;A;;;;;;;;;;;;;;;
20132;071079;C;200;201011065;A;;;;;;;;;;;;;;;
20132;071079;C;200;201011067;A;;;;;;;;;;;;;;;
20132;071079;C;200;201011068;N;;;;;;;;;;;;;;;
20132;071079;C;200;201011075;A;;;;;;;;;;;;;;;
20132;071079;C;200;201011076;A;;;;;;;;;;;;;;;
20132;071079;C;200;201011077;A;;;;;;;;;;;;;;;
20132;071079;C;200;201011079;A;;;;;;;;;;;;;;;
20132;071079;C;200;201011080;A;;;;;;;;;;;;;;;
20132;071079;C;200;201011082;A;;;;;;;;;;;;;;;
20132;071079;C;200;201011087;A;;;;;;;;;;;;;;;
20132;071079;C;200;201011088;A;;;;;;;;;;;;;;;
20132;071079;C;200;201011092;A;;;;;;;;;;;;;;;
20132;071079;C;200;201011101;A;;;;;;;;;;;;;;;
20132;071079;C;200;201011103;A;;;;;;;;;;;;;;;
20132;071079;C;200;201011104;A;;;;;;;;;;;;;;;
20132;071079;C;200;201011111;A;;;;;;;;;;;;;;;
20132;071079;C;200;201011113;A;;;;;;;;;;;;;;;
20132;071079;C;200;201011115;A;;;;;;;;;;;;;;;
20132;071079;C;200;201011118;A;;;;;;;;;;;;;;;
20132;071079;C;200;201011119;A;;;;;;;;;;;;;;;
20132;071079;C;200;201011120;A;;;;;;;;;;;;;;;
20132;071079;C;200;201011128;A;;;;;;;;;;;;;;;
20132;071079;C;200;201011132;N;;;;;;;;;;;;;;;
20132;071079;C;200;201011133;A;;;;;;;;;;;;;;;
20132;071079;C;200;201011137;A;;;;;;;;;;;;;;;
20132;071079;C;200;201011143;A;;;;;;;;;;;;;;;
20132;071079;C;200;201011145;A;;;;;;;;;;;;;;;
20132;071079;C;200;201011146;N;;;;;;;;;;;;;;;
20132;071079;C;200;201011151;A;;;;;;;;;;;;;;;
20132;071079;C;200;201011152;A;;;;;;;;;;;;;;;
20132;071079;C;200;201011153;N;;;;;;;;;;;;;;;
20132;071079;C;200;201011158;A;;;;;;;;;;;;;;;
20132;071079;C;200;201011163;N;;;;;;;;;;;;;;;
20132;071079;C;200;201011167;N;;;;;;;;;;;;;;;
20132;071079;C;200;201011172;A;;;;;;;;;;;;;;;
20132;071079;C;200;201011173;A;;;;;;;;;;;;;;;
20132;071079;C;200;201011174;A;;;;;;;;;;;;;;;
20132;071079;C;200;201011176;N;;;;;;;;;;;;;;;
20132;071079;C;200;201011177;A;;;;;;;;;;;;;;;
20132;071079;C;200;201011194;A;;;;;;;;;;;;;;;
20132;071079;C;200;201011195;A;;;;;;;;;;;;;;;
20132;071079;C;200;201011196;A;;;;;;;;;;;;;;;
20132;071079;C;200;201011201;A;;;;;;;;;;;;;;;
20132;071079;C;200;201011204;A;;;;;;;;;;;;;;;
20132;071079;C;200;201011206;A;;;;;;;;;;;;;;;
20132;071079;C;200;201011207;N;;;;;;;;;;;;;;;
20132;071079;C;200;201011209;A;;;;;;;;;;;;;;;
20132;071079;C;200;201011210;A;;;;;;;;;;;;;;;
20132;071079;C;200;201011212;A;;;;;;;;;;;;;;;
20132;071079;C;200;201011215;A;;;;;;;;;;;;;;;
20132;071079;C;200;201011218;A;;;;;;;;;;;;;;;
20132;071079;C;200;201011226;A;;;;;;;;;;;;;;;
20132;071079;C;200;201011230;A;;;;;;;;;;;;;;;
20132;071079;C;200;201111001;A;;;;;;;;;;;;;;;
20132;071079;C;200;201111002;A;;;;;;;;;;;;;;;
20132;071079;C;200;201111003;A;;;;;;;;;;;;;;;
20132;071079;C;200;201111006;A;;;;;;;;;;;;;;;
20132;071079;C;200;201111007;A;;;;;;;;;;;;;;;
20132;071079;C;200;201111012;A;;;;;;;;;;;;;;;
20132;071079;C;200;201111013;A;;;;;;;;;;;;;;;
20132;071079;C;200;201111014;A;;;;;;;;;;;;;;;
20132;071079;C;200;201111016;A;;;;;;;;;;;;;;;
20132;071079;C;200;201111019;A;;;;;;;;;;;;;;;
20132;071079;C;200;201111020;A;;;;;;;;;;;;;;;
20132;071079;C;200;201111021;A;;;;;;;;;;;;;;;
20132;071079;C;200;201111022;A;;;;;;;;;;;;;;;
20132;071079;C;200;201111023;A;;;;;;;;;;;;;;;
20132;071079;C;200;201111024;A;;;;;;;;;;;;;;;
20132;071079;C;200;201111025;A;;;;;;;;;;;;;;;
20132;071079;C;200;201111026;A;;;;;;;;;;;;;;;
20132;071079;C;200;201111027;N;;;;;;;;;;;;;;;
20132;071079;C;200;201111029;A;;;;;;;;;;;;;;;
20132;071079;C;200;201111030;A;;;;;;;;;;;;;;;
20132;071079;C;200;201111031;A;;;;;;;;;;;;;;;
20132;071079;C;200;201111033;A;;;;;;;;;;;;;;;
20132;071079;C;200;201111035;A;;;;;;;;;;;;;;;
20132;071079;C;200;201111037;A;;;;;;;;;;;;;;;
20132;071079;C;200;201111040;A;;;;;;;;;;;;;;;
20132;071079;C;200;201111041;N;;;;;;;;;;;;;;;
20132;071079;C;200;201111045;A;;;;;;;;;;;;;;;
20132;071079;C;200;201111046;A;;;;;;;;;;;;;;;
20132;071079;C;200;201111047;A;;;;;;;;;;;;;;;
20132;071079;C;200;201111048;A;;;;;;;;;;;;;;;
20132;071079;C;200;201111053;A;;;;;;;;;;;;;;;
20132;071079;C;200;201111055;A;;;;;;;;;;;;;;;
20132;071079;C;200;201111056;A;;;;;;;;;;;;;;;
20132;071079;C;200;201111058;A;;;;;;;;;;;;;;;
20132;071079;C;200;201111059;A;;;;;;;;;;;;;;;
20132;071079;C;200;201111063;N;;;;;;;;;;;;;;;
20132;071079;C;200;201111065;A;;;;;;;;;;;;;;;
20132;071079;C;200;201111067;A;;;;;;;;;;;;;;;
20132;071079;C;200;201111068;A;;;;;;;;;;;;;;;
20132;071079;C;200;201111070;A;;;;;;;;;;;;;;;
20132;071079;C;200;201111072;A;;;;;;;;;;;;;;;
20132;071079;C;200;201111075;A;;;;;;;;;;;;;;;
20132;071079;C;200;201111076;A;;;;;;;;;;;;;;;
20132;071079;C;200;201111077;A;;;;;;;;;;;;;;;
20132;071079;C;200;201111079;N;;;;;;;;;;;;;;;
20132;071079;C;200;201111082;A;;;;;;;;;;;;;;;
20132;071079;C;200;201111083;A;;;;;;;;;;;;;;;
20132;071079;C;200;201111084;A;;;;;;;;;;;;;;;
20132;071079;C;200;201111091;N;;;;;;;;;;;;;;;
20132;071079;C;200;201111095;A;;;;;;;;;;;;;;;
20132;071079;C;200;201111096;A;;;;;;;;;;;;;;;
20132;071079;C;200;201111097;A;;;;;;;;;;;;;;;
20132;071079;C;200;201111098;A;;;;;;;;;;;;;;;
20132;071079;C;200;201111101;A;;;;;;;;;;;;;;;
20132;071079;C;200;201111105;A;;;;;;;;;;;;;;;
20132;071079;C;200;201111107;A;;;;;;;;;;;;;;;
20132;071079;C;200;201111108;N;;;;;;;;;;;;;;;
20132;071079;C;200;201111111;A;;;;;;;;;;;;;;;
20132;071079;C;200;201111113;A;;;;;;;;;;;;;;;
20132;071079;C;200;201111114;N;;;;;;;;;;;;;;;
20132;071079;C;200;201111116;A;;;;;;;;;;;;;;;
20132;071079;C;200;201111117;N;;;;;;;;;;;;;;;
20132;071079;C;200;201111119;A;;;;;;;;;;;;;;;
20132;071079;C;200;201111120;A;;;;;;;;;;;;;;;
20132;071079;C;200;201111121;A;;;;;;;;;;;;;;;
20132;071079;C;200;201111122;A;;;;;;;;;;;;;;;
20132;071079;C;200;201111124;A;;;;;;;;;;;;;;;
20132;071079;C;200;201111125;A;;;;;;;;;;;;;;;
20132;071079;C;200;201111126;A;;;;;;;;;;;;;;;
20132;071079;C;200;201111127;N;;;;;;;;;;;;;;;
20132;071079;C;200;201111129;A;;;;;;;;;;;;;;;
20132;071079;C;200;201111130;A;;;;;;;;;;;;;;;
20132;071079;C;200;201111135;A;;;;;;;;;;;;;;;
20132;071079;C;200;201111136;A;;;;;;;;;;;;;;;
20132;071079;C;200;201111138;N;;;;;;;;;;;;;;;
20132;071079;C;200;201111141;A;;;;;;;;;;;;;;;
20132;071079;C;200;201111142;N;;;;;;;;;;;;;;;
20132;071079;C;200;201111145;N;;;;;;;;;;;;;;;
20132;071079;C;200;201111146;N;;;;;;;;;;;;;;;
20132;071079;C;200;201111147;N;;;;;;;;;;;;;;;
20132;071079;C;200;201111151;N;;;;;;;;;;;;;;;
20132;071079;C;200;201111152;A;;;;;;;;;;;;;;;
20132;071079;C;200;201111153;N;;;;;;;;;;;;;;;
20132;071079;C;200;201111155;A;;;;;;;;;;;;;;;
20132;071079;C;200;201111156;A;;;;;;;;;;;;;;;
20132;071079;C;200;201111157;N;;;;;;;;;;;;;;;
20132;071079;C;200;201111158;N;;;;;;;;;;;;;;;
20132;071079;C;200;201111159;A;;;;;;;;;;;;;;;
20132;071079;C;200;201111160;A;;;;;;;;;;;;;;;
20132;071079;C;200;201111162;N;;;;;;;;;;;;;;;
20132;071079;C;200;201111163;A;;;;;;;;;;;;;;;
20132;071079;C;200;201111165;N;;;;;;;;;;;;;;;
20132;071079;C;200;201111166;A;;;;;;;;;;;;;;;
20132;071079;C;200;201111169;N;;;;;;;;;;;;;;;
20132;071079;C;200;201111170;A;;;;;;;;;;;;;;;
20132;071079;C;200;201111171;A;;;;;;;;;;;;;;;
20132;071079;C;200;201111174;N;;;;;;;;;;;;;;;
20132;071079;C;200;201111177;A;;;;;;;;;;;;;;;
20132;071079;C;200;201111178;A;;;;;;;;;;;;;;;
20132;071079;C;200;201111180;A;;;;;;;;;;;;;;;
20132;071079;C;200;201111181;N;;;;;;;;;;;;;;;
20132;071079;C;200;201111183;A;;;;;;;;;;;;;;;
20132;071079;C;200;201111184;N;;;;;;;;;;;;;;;
20132;071079;C;200;201111186;A;;;;;;;;;;;;;;;
20132;071079;C;200;201111187;N;;;;;;;;;;;;;;;
20132;071079;C;200;201111189;N;;;;;;;;;;;;;;;
20132;071079;C;200;201111190;A;;;;;;;;;;;;;;;
20132;071079;C;200;201111191;A;;;;;;;;;;;;;;;
20132;071079;C;200;201111192;N;;;;;;;;;;;;;;;
20132;071079;C;200;201111194;A;;;;;;;;;;;;;;;
20132;071079;C;200;201111195;A;;;;;;;;;;;;;;;
20132;071079;C;200;201111197;A;;;;;;;;;;;;;;;
20132;071079;C;200;201111198;N;;;;;;;;;;;;;;;
20132;071079;C;200;201111202;N;;;;;;;;;;;;;;;
20132;071079;C;200;201111203;A;;;;;;;;;;;;;;;
20132;071079;C;200;201111206;N;;;;;;;;;;;;;;;
20132;071079;C;200;201111207;A;;;;;;;;;;;;;;;
20132;071079;C;200;201111209;A;;;;;;;;;;;;;;;
20132;071079;C;200;201111210;N;;;;;;;;;;;;;;;
20132;071079;C;200;201111211;A;;;;;;;;;;;;;;;
20132;071079;C;200;201111212;N;;;;;;;;;;;;;;;
20132;071079;C;200;201111216;N;;;;;;;;;;;;;;;
20132;071079;C;200;201111218;A;;;;;;;;;;;;;;;
20132;071079;C;200;201111224;A;;;;;;;;;;;;;;;
20132;071079;C;200;201111225;A;;;;;;;;;;;;;;;
20132;071079;C;200;201111227;A;;;;;;;;;;;;;;;
20132;071079;C;200;201111231;A;;;;;;;;;;;;;;;
20132;071079;C;200;201111233;A;;;;;;;;;;;;;;;
20132;071079;C;200;201111236;N;;;;;;;;;;;;;;;
20132;071079;C;200;201111237;A;;;;;;;;;;;;;;;
20132;071079;C;200;201111238;A;;;;;;;;;;;;;;;
20132;071079;C;200;201111245;A;;;;;;;;;;;;;;;
20132;071079;C;200;201111246;A;;;;;;;;;;;;;;;
20132;071079;C;200;201111247;A;;;;;;;;;;;;;;;
20132;071079;C;200;201111248;N;;;;;;;;;;;;;;;
20132;071079;C;200;201111250;A;;;;;;;;;;;;;;;
20132;071079;C;200;201111254;A;;;;;;;;;;;;;;;
20132;071079;C;200;201111257;A;;;;;;;;;;;;;;;
20132;071079;C;200;201111260;N;;;;;;;;;;;;;;;
20132;071079;C;200;201111261;A;;;;;;;;;;;;;;;
20132;071079;C;200;201111267;A;;;;;;;;;;;;;;;
20132;071079;C;200;201111269;A;;;;;;;;;;;;;;;
20132;071079;C;200;201111270;A;;;;;;;;;;;;;;;
20132;071079;C;200;201111271;A;;;;;;;;;;;;;;;
20132;071079;C;200;201111273;N;;;;;;;;;;;;;;;
20132;071079;C;200;201111275;N;;;;;;;;;;;;;;;
20132;071079;C;200;201111276;N;;;;;;;;;;;;;;;
20132;071079;C;200;201111277;N;;;;;;;;;;;;;;;
20132;071079;C;200;201111281;A;;;;;;;;;;;;;;;
20132;071079;C;200;201111285;N;;;;;;;;;;;;;;;
20132;071079;C;200;201111287;N;;;;;;;;;;;;;;;
20132;071079;C;200;201111288;N;;;;;;;;;;;;;;;
20132;071079;C;200;201111289;N;;;;;;;;;;;;;;;
20132;071079;C;200;201111290;A;;;;;;;;;;;;;;;
20132;071079;C;200;201111291;N;;;;;;;;;;;;;;;
20132;071079;C;200;201111292;N;;;;;;;;;;;;;;;
20132;071079;C;200;201111295;N;;;;;;;;;;;;;;;
20132;071079;C;200;201111296;A;;;;;;;;;;;;;;;
20132;071079;C;200;201111298;N;;;;;;;;;;;;;;;
20132;071079;C;200;201111301;N;;;;;;;;;;;;;;;
20132;071079;C;200;201111302;A;;;;;;;;;;;;;;;
20132;071079;C;200;201111306;N;;;;;;;;;;;;;;;
20132;071079;C;200;201111307;A;;;;;;;;;;;;;;;
20132;071079;C;200;201111310;N;;;;;;;;;;;;;;;
20132;071079;C;200;201111311;A;;;;;;;;;;;;;;;
20132;071079;C;200;201111312;A;;;;;;;;;;;;;;;
20132;071079;C;200;201111315;A;;;;;;;;;;;;;;;
20132;071079;C;200;201111317;A;;;;;;;;;;;;;;;
20132;071079;C;200;201111318;N;;;;;;;;;;;;;;;
20132;071079;C;200;201111321;A;;;;;;;;;;;;;;;
20132;071079;C;200;201111322;N;;;;;;;;;;;;;;;
20132;071079;C;200;201211002;A;;;;;;;;;;;;;;;
20132;071079;C;200;201211004;A;;;;;;;;;;;;;;;
20132;071079;C;200;201211006;A;;;;;;;;;;;;;;;
20132;071079;C;200;201211007;A;;;;;;;;;;;;;;;
20132;071079;C;200;201211008;A;;;;;;;;;;;;;;;
20132;071079;C;200;201211009;A;;;;;;;;;;;;;;;
20132;071079;C;200;201211010;A;;;;;;;;;;;;;;;
20132;071079;C;200;201211012;A;;;;;;;;;;;;;;;
20132;071079;C;200;201211013;A;;;;;;;;;;;;;;;
20132;071079;C;200;201211015;A;;;;;;;;;;;;;;;
20132;071079;C;200;201211019;A;;;;;;;;;;;;;;;
20132;071079;C;200;201211021;A;;;;;;;;;;;;;;;
20132;071079;C;200;201211022;N;;;;;;;;;;;;;;;
20132;071079;C;200;201211023;A;;;;;;;;;;;;;;;
20132;071079;C;200;201211024;A;;;;;;;;;;;;;;;
20132;071079;C;200;201211025;A;;;;;;;;;;;;;;;
20132;071079;C;200;201211026;N;;;;;;;;;;;;;;;
20132;071079;C;200;201211027;A;;;;;;;;;;;;;;;
20132;071079;C;200;201211030;A;;;;;;;;;;;;;;;
20132;071079;C;200;201211031;A;;;;;;;;;;;;;;;
20132;071079;C;200;201211032;A;;;;;;;;;;;;;;;
20132;071079;C;200;201211033;N;;;;;;;;;;;;;;;
20132;071079;C;200;201211034;A;;;;;;;;;;;;;;;
20132;071079;C;200;201211035;A;;;;;;;;;;;;;;;
20132;071079;C;200;201211036;N;;;;;;;;;;;;;;;
20132;071079;C;200;201211038;A;;;;;;;;;;;;;;;
20132;071079;C;200;201211039;A;;;;;;;;;;;;;;;
20132;071079;C;200;201211041;N;;;;;;;;;;;;;;;
20132;071079;C;200;201211042;A;;;;;;;;;;;;;;;
20132;071079;C;200;201211044;A;;;;;;;;;;;;;;;
20132;071079;C;200;201211045;A;;;;;;;;;;;;;;;
20132;071079;C;200;201211046;A;;;;;;;;;;;;;;;
20132;071079;C;200;201211049;A;;;;;;;;;;;;;;;
20132;071079;C;200;201211051;A;;;;;;;;;;;;;;;
20132;071079;C;200;201211052;A;;;;;;;;;;;;;;;
20132;071079;C;200;201211055;A;;;;;;;;;;;;;;;
20132;071079;C;200;201211056;A;;;;;;;;;;;;;;;
20132;071079;C;200;201211058;A;;;;;;;;;;;;;;;
20132;071079;C;200;201211059;A;;;;;;;;;;;;;;;
20132;071079;C;200;201211060;A;;;;;;;;;;;;;;;
20132;071079;C;200;201211061;N;;;;;;;;;;;;;;;
20132;071079;C;200;201211063;A;;;;;;;;;;;;;;;
20132;071079;C;200;201211067;N;;;;;;;;;;;;;;;
20132;071079;C;200;201211069;N;;;;;;;;;;;;;;;
20132;071079;C;200;201211070;A;;;;;;;;;;;;;;;
20132;071079;C;200;201211071;A;;;;;;;;;;;;;;;
20132;071079;C;200;201211072;N;;;;;;;;;;;;;;;
20132;071079;C;200;201211073;A;;;;;;;;;;;;;;;
20132;071079;C;200;201211074;A;;;;;;;;;;;;;;;
20132;071079;C;200;201211076;N;;;;;;;;;;;;;;;
20132;071079;C;200;201211080;N;;;;;;;;;;;;;;;
20132;071079;C;200;201211081;A;;;;;;;;;;;;;;;
20132;071079;C;200;201211083;N;;;;;;;;;;;;;;;
20132;071079;C;200;201211084;A;;;;;;;;;;;;;;;
20132;071079;C;200;201211085;A;;;;;;;;;;;;;;;
20132;071079;C;200;201211086;A;;;;;;;;;;;;;;;
20132;071079;C;200;201211090;A;;;;;;;;;;;;;;;
20132;071079;C;200;201211091;A;;;;;;;;;;;;;;;
20132;071079;C;200;201211093;A;;;;;;;;;;;;;;;
20132;071079;C;200;201211094;A;;;;;;;;;;;;;;;
20132;071079;C;200;201211095;A;;;;;;;;;;;;;;;
20132;071079;C;200;201211096;A;;;;;;;;;;;;;;;
20132;071079;C;200;201211097;A;;;;;;;;;;;;;;;
20132;071079;C;200;201211098;N;;;;;;;;;;;;;;;
20132;071079;C;200;201211099;A;;;;;;;;;;;;;;;
20132;071079;C;200;201211101;A;;;;;;;;;;;;;;;
20132;071079;C;200;201211105;A;;;;;;;;;;;;;;;
20132;071079;C;200;201211106;A;;;;;;;;;;;;;;;
20132;071079;C;200;201211107;A;;;;;;;;;;;;;;;
20132;071079;C;200;201211108;A;;;;;;;;;;;;;;;
20132;071079;C;200;201211110;A;;;;;;;;;;;;;;;
20132;071079;C;200;201211112;A;;;;;;;;;;;;;;;
20132;071079;C;200;201211113;A;;;;;;;;;;;;;;;
20132;071079;C;200;201211114;A;;;;;;;;;;;;;;;
20132;071079;C;200;201211115;A;;;;;;;;;;;;;;;
20132;071079;C;200;201211117;A;;;;;;;;;;;;;;;
20132;071079;C;200;201211118;A;;;;;;;;;;;;;;;
20132;071079;C;200;201211122;A;;;;;;;;;;;;;;;
20132;071079;C;200;201211123;N;;;;;;;;;;;;;;;
20132;071079;C;200;201211124;A;;;;;;;;;;;;;;;
20132;071079;C;200;201211125;N;;;;;;;;;;;;;;;
20132;071079;C;200;201211127;A;;;;;;;;;;;;;;;
20132;071079;C;200;201211131;N;;;;;;;;;;;;;;;
20132;071079;C;200;201211132;A;;;;;;;;;;;;;;;
20132;071079;C;200;201211133;A;;;;;;;;;;;;;;;
20132;071079;C;200;201211134;A;;;;;;;;;;;;;;;
20132;071079;C;200;201211135;N;;;;;;;;;;;;;;;
20132;071079;C;200;201211136;A;;;;;;;;;;;;;;;
20132;071079;C;200;201211138;A;;;;;;;;;;;;;;;
20132;071079;C;200;201211142;A;;;;;;;;;;;;;;;
20132;071079;C;200;201211143;N;;;;;;;;;;;;;;;
20132;071079;C;200;201211144;N;;;;;;;;;;;;;;;
20132;071079;C;200;201211145;A;;;;;;;;;;;;;;;
20132;071079;C;200;201211147;A;;;;;;;;;;;;;;;
20132;071079;C;200;201211151;A;;;;;;;;;;;;;;;
20132;071079;C;200;201211152;N;;;;;;;;;;;;;;;
20132;071079;C;200;201211153;A;;;;;;;;;;;;;;;
20132;071079;C;200;201211154;A;;;;;;;;;;;;;;;
20132;071079;C;200;201211155;A;;;;;;;;;;;;;;;
20132;071079;C;200;201211156;A;;;;;;;;;;;;;;;
20132;071079;C;200;201211157;A;;;;;;;;;;;;;;;
20132;071079;C;200;201211160;A;;;;;;;;;;;;;;;
20132;071079;C;200;201211161;A;;;;;;;;;;;;;;;
20132;071079;C;200;201211163;N;;;;;;;;;;;;;;;
20132;071079;C;200;201211165;N;;;;;;;;;;;;;;;
20132;071079;C;200;201211166;A;;;;;;;;;;;;;;;
20132;071079;C;200;201211167;A;;;;;;;;;;;;;;;
20132;071079;C;200;201211168;A;;;;;;;;;;;;;;;
20132;071079;C;200;201211169;A;;;;;;;;;;;;;;;
20132;071079;C;200;201211171;N;;;;;;;;;;;;;;;
20132;071079;C;200;201211172;N;;;;;;;;;;;;;;;
20132;071079;C;200;201211173;A;;;;;;;;;;;;;;;
20132;071079;C;200;201211175;A;;;;;;;;;;;;;;;
20132;071079;C;200;201211178;N;;;;;;;;;;;;;;;
20132;071079;C;200;201211179;N;;;;;;;;;;;;;;;
20132;071079;C;200;201211184;N;;;;;;;;;;;;;;;
20132;071079;C;200;201211185;N;;;;;;;;;;;;;;;
20132;071079;C;200;201211190;N;;;;;;;;;;;;;;;
20132;071079;C;200;201211191;N;;;;;;;;;;;;;;;
20132;071079;C;200;201211192;A;;;;;;;;;;;;;;;
20132;071079;C;200;201211193;A;;;;;;;;;;;;;;;
20132;071079;C;200;201211196;N;;;;;;;;;;;;;;;
20132;071079;C;200;201211198;A;;;;;;;;;;;;;;;
20132;071079;C;200;201211201;A;;;;;;;;;;;;;;;
20132;071079;C;200;201211204;N;;;;;;;;;;;;;;;
20132;071079;C;200;201211205;N;;;;;;;;;;;;;;;
20132;071079;C;200;201211206;N;;;;;;;;;;;;;;;
20132;071079;C;200;201211207;N;;;;;;;;;;;;;;;
20132;071079;C;200;201211209;N;;;;;;;;;;;;;;;
20132;071079;C;200;201211210;N;;;;;;;;;;;;;;;
20132;071079;C;200;201211211;N;;;;;;;;;;;;;;;
20132;071079;C;200;201211213;N;;;;;;;;;;;;;;;
20132;071079;C;200;201211214;N;;;;;;;;;;;;;;;
20132;071079;C;200;201211217;A;;;;;;;;;;;;;;;
20132;071079;C;200;201211218;N;;;;;;;;;;;;;;;
20132;071079;C;200;201211219;N;;;;;;;;;;;;;;;
20132;071079;C;200;201211220;N;;;;;;;;;;;;;;;
20132;071079;C;200;201211222;N;;;;;;;;;;;;;;;
20132;071079;C;200;201211224;A;;;;;;;;;;;;;;;
20132;071079;C;200;201211225;N;;;;;;;;;;;;;;;
20132;071079;C;200;201211226;A;;;;;;;;;;;;;;;
20132;071079;C;200;201211227;N;;;;;;;;;;;;;;;
20132;071079;C;200;201211228;A;;;;;;;;;;;;;;;
20132;071079;C;200;201211229;N;;;;;;;;;;;;;;;
20132;071079;C;200;201211232;N;;;;;;;;;;;;;;;
20132;071079;C;200;201211235;N;;;;;;;;;;;;;;;
20132;071079;C;200;201211236;N;;;;;;;;;;;;;;;
20132;071079;C;200;201211237;N;;;;;;;;;;;;;;;
20132;071079;C;200;201211238;N;;;;;;;;;;;;;;;
20132;071079;C;200;201211239;N;;;;;;;;;;;;;;;
20132;071079;C;200;201211240;N;;;;;;;;;;;;;;;
20132;071079;C;200;201211243;N;;;;;;;;;;;;;;;
20132;071079;C;200;201211244;N;;;;;;;;;;;;;;;
20132;071079;C;200;201211245;A;;;;;;;;;;;;;;;
20132;071079;C;200;201211246;A;;;;;;;;;;;;;;;
20132;071079;C;200;201211247;N;;;;;;;;;;;;;;;
20132;071079;C;200;201211249;A;;;;;;;;;;;;;;;
20132;071079;C;200;201211251;N;;;;;;;;;;;;;;;
20132;071079;C;200;201211254;N;;;;;;;;;;;;;;;
20132;071079;C;200;201211255;N;;;;;;;;;;;;;;;
20132;071079;C;200;201211259;N;;;;;;;;;;;;;;;
20132;071079;C;200;201211260;N;;;;;;;;;;;;;;;
20132;071079;C;200;201211261;A;;;;;;;;;;;;;;;
20132;071079;C;200;201211263;N;;;;;;;;;;;;;;;
20132;071079;C;200;201211265;A;;;;;;;;;;;;;;;
20132;071079;C;200;201211268;N;;;;;;;;;;;;;;;
20132;071079;C;200;201211269;N;;;;;;;;;;;;;;;
20132;071079;C;200;201211271;A;;;;;;;;;;;;;;;
20132;071079;C;200;201211276;N;;;;;;;;;;;;;;;
20132;071079;C;200;201211279;A;;;;;;;;;;;;;;;
20132;071079;C;200;201211280;N;;;;;;;;;;;;;;;
20132;071079;C;200;201211282;N;;;;;;;;;;;;;;;
20132;071079;C;200;201211284;N;;;;;;;;;;;;;;;
20132;071079;C;200;201211285;N;;;;;;;;;;;;;;;
20132;071079;C;200;201211291;A;;;;;;;;;;;;;;;
20132;071079;C;200;201211292;N;;;;;;;;;;;;;;;
20132;071079;C;200;201211294;A;;;;;;;;;;;;;;;
20132;071079;C;200;201211296;N;;;;;;;;;;;;;;;
20132;071079;C;200;201211301;A;;;;;;;;;;;;;;;
20132;071079;C;200;201211303;A;;;;;;;;;;;;;;;
20132;071079;C;200;201211304;N;;;;;;;;;;;;;;;
20132;071079;C;200;201211305;N;;;;;;;;;;;;;;;
20132;071079;C;200;201211306;N;;;;;;;;;;;;;;;
20132;071079;C;200;201211307;N;;;;;;;;;;;;;;;
20132;071079;C;200;201211308;N;;;;;;;;;;;;;;;
20132;071079;C;200;201211311;A;;;;;;;;;;;;;;;
20132;071079;C;200;201211312;N;;;;;;;;;;;;;;;
20132;071079;C;200;201211317;N;;;;;;;;;;;;;;;
20132;071079;C;200;201211318;N;;;;;;;;;;;;;;;
20132;071079;C;200;201211320;A;;;;;;;;;;;;;;;
20132;071079;C;200;201211321;N;;;;;;;;;;;;;;;
20132;071079;C;200;201211323;N;;;;;;;;;;;;;;;
20132;071079;C;200;201211324;N;;;;;;;;;;;;;;;
20132;071079;C;200;201211325;N;;;;;;;;;;;;;;;
20132;071079;C;200;201211327;N;;;;;;;;;;;;;;;
20132;071079;C;200;201211328;N;;;;;;;;;;;;;;;
20132;071079;C;200;201211329;A;;;;;;;;;;;;;;;
20132;071079;C;200;201211330;N;;;;;;;;;;;;;;;
20132;071079;C;200;201211332;N;;;;;;;;;;;;;;;
20132;071079;C;200;201211333;N;;;;;;;;;;;;;;;
20132;071079;C;200;201211334;N;;;;;;;;;;;;;;;
20132;071079;C;200;201211335;A;;;;;;;;;;;;;;;
20132;071079;C;200;201211336;A;;;;;;;;;;;;;;;
20132;071079;C;200;201211338;N;;;;;;;;;;;;;;;
20132;071079;C;200;201211339;N;;;;;;;;;;;;;;;
20132;071079;C;200;201211340;A;;;;;;;;;;;;;;;
20132;071079;C;200;201211341;N;;;;;;;;;;;;;;;
20132;071079;C;200;201211342;N;;;;;;;;;;;;;;;
20132;071079;C;200;201211344;N;;;;;;;;;;;;;;;
20132;071079;C;200;201211345;N;;;;;;;;;;;;;;;
20132;071079;C;200;201211346;N;;;;;;;;;;;;;;;
20132;071079;C;200;201211347;N;;;;;;;;;;;;;;;
20132;071079;C;200;201211348;N;;;;;;;;;;;;;;;
20132;071079;C;200;201211352;N;;;;;;;;;;;;;;;
20132;071079;C;200;201211354;N;;;;;;;;;;;;;;;
20132;071079;C;200;201211355;N;;;;;;;;;;;;;;;
20132;071079;C;200;201211356;N;;;;;;;;;;;;;;;
20132;071079;C;200;201211357;N;;;;;;;;;;;;;;;
20132;071079;C;200;201211361;N;;;;;;;;;;;;;;;
20132;071079;C;200;201211364;N;;;;;;;;;;;;;;;
20132;071079;C;200;201211365;N;;;;;;;;;;;;;;;
20132;071079;C;200;201211366;N;;;;;;;;;;;;;;;
20132;071079;C;200;201211368;A;;;;;;;;;;;;;;;
20132;071079;C;200;201211369;N;;;;;;;;;;;;;;;
20132;071079;C;200;201211371;N;;;;;;;;;;;;;;;
20132;071079;C;200;201211372;N;;;;;;;;;;;;;;;
20132;071079;C;200;201211373;A;;;;;;;;;;;;;;;
20132;071079;C;200;201211374;N;;;;;;;;;;;;;;;
20132;071079;C;200;201211375;N;;;;;;;;;;;;;;;
20132;071079;C;200;201211376;N;;;;;;;;;;;;;;;
20132;071079;C;200;201211377;N;;;;;;;;;;;;;;;
20132;071079;C;200;201211379;N;;;;;;;;;;;;;;;
20132;071079;C;200;201211380;N;;;;;;;;;;;;;;;
20132;071079;C;200;201211381;A;;;;;;;;;;;;;;;
20132;071079;C;200;201211384;N;;;;;;;;;;;;;;;
20132;071079;C;200;201211385;N;;;;;;;;;;;;;;;
20132;071079;C;200;201211386;N;;;;;;;;;;;;;;;
20132;071079;C;200;201211387;N;;;;;;;;;;;;;;;
20132;071079;C;200;201211388;N;;;;;;;;;;;;;;;
20132;071079;C;200;201211395;A;;;;;;;;;;;;;;;
20132;071079;C;200;201211397;N;;;;;;;;;;;;;;;
20132;071079;C;200;201211398;N;;;;;;;;;;;;;;;
20132;071079;C;200;201211399;N;;;;;;;;;;;;;;;
20132;071079;C;200;201211401;N;;;;;;;;;;;;;;;
20132;071079;C;200;201211402;N;;;;;;;;;;;;;;;
20132;071079;C;200;201211404;N;;;;;;;;;;;;;;;
20132;071079;C;200;201211407;N;;;;;;;;;;;;;;;
20132;071079;C;200;201211408;N;;;;;;;;;;;;;;;
20132;071079;C;200;201211409;N;;;;;;;;;;;;;;;
20132;071079;C;200;201311001;A;;;;;;;;;;;;;;;
20132;071079;C;200;201311003;A;;;;;;;;;;;;;;;
20132;071079;C;200;201311004;A;;;;;;;;;;;;;;;
20132;071079;C;200;201311005;A;;;;;;;;;;;;;;;
20132;071079;C;200;201311006;A;;;;;;;;;;;;;;;
20132;071079;C;200;201311007;A;;;;;;;;;;;;;;;
20132;071079;C;200;201311008;A;;;;;;;;;;;;;;;
20132;071079;C;200;201311010;N;;;;;;;;;;;;;;;
20132;071079;C;200;201311011;A;;;;;;;;;;;;;;;
20132;071079;C;200;201311012;A;;;;;;;;;;;;;;;
20132;071079;C;200;201311013;A;;;;;;;;;;;;;;;
20132;071079;C;200;201311014;A;;;;;;;;;;;;;;;
20132;071079;C;200;201311015;N;;;;;;;;;;;;;;;
20132;071079;C;200;201311016;A;;;;;;;;;;;;;;;
20132;071079;C;200;201311017;A;;;;;;;;;;;;;;;
20132;071079;C;200;201311018;N;;;;;;;;;;;;;;;
20132;071079;C;200;201311019;A;;;;;;;;;;;;;;;
20132;071079;C;200;201311020;A;;;;;;;;;;;;;;;
20132;071079;C;200;201311021;A;;;;;;;;;;;;;;;
20132;071079;C;200;201311022;A;;;;;;;;;;;;;;;
20132;071079;C;200;201311023;A;;;;;;;;;;;;;;;
20132;071079;C;200;201311024;A;;;;;;;;;;;;;;;
20132;071079;C;200;201311025;N;;;;;;;;;;;;;;;
20132;071079;C;200;201311026;A;;;;;;;;;;;;;;;
20132;071079;C;200;201311027;N;;;;;;;;;;;;;;;
20132;071079;C;200;201311028;A;;;;;;;;;;;;;;;
20132;071079;C;200;201311029;A;;;;;;;;;;;;;;;
20132;071079;C;200;201311030;N;;;;;;;;;;;;;;;
20132;071079;C;200;201311031;A;;;;;;;;;;;;;;;
20132;071079;C;200;201311032;A;;;;;;;;;;;;;;;
20132;071079;C;200;201311034;A;;;;;;;;;;;;;;;
20132;071079;C;200;201311035;A;;;;;;;;;;;;;;;
20132;071079;C;200;201311036;A;;;;;;;;;;;;;;;
20132;071079;C;200;201311038;A;;;;;;;;;;;;;;;
20132;071079;C;200;201311039;A;;;;;;;;;;;;;;;
20132;071079;C;200;201311040;N;;;;;;;;;;;;;;;
20132;071079;C;200;201311042;N;;;;;;;;;;;;;;;
20132;071079;C;200;201311044;A;;;;;;;;;;;;;;;
20132;071079;C;200;201311045;A;;;;;;;;;;;;;;;
20132;071079;C;200;201311046;A;;;;;;;;;;;;;;;
20132;071079;C;200;201311047;N;;;;;;;;;;;;;;;
20132;071079;C;200;201311048;N;;;;;;;;;;;;;;;
20132;071079;C;200;201311050;A;;;;;;;;;;;;;;;
20132;071079;C;200;201311051;A;;;;;;;;;;;;;;;
20132;071079;C;200;201311052;A;;;;;;;;;;;;;;;
20132;071079;C;200;201311053;A;;;;;;;;;;;;;;;
20132;071079;C;200;201311054;A;;;;;;;;;;;;;;;
20132;071079;C;200;201311055;A;;;;;;;;;;;;;;;
20132;071079;C;200;201311057;A;;;;;;;;;;;;;;;
20132;071079;C;200;201311058;A;;;;;;;;;;;;;;;
20132;071079;C;200;201311059;A;;;;;;;;;;;;;;;
20132;071079;C;200;201311060;A;;;;;;;;;;;;;;;
20132;071079;C;200;201311061;A;;;;;;;;;;;;;;;
20132;071079;C;200;201311062;A;;;;;;;;;;;;;;;
20132;071079;C;200;201311063;A;;;;;;;;;;;;;;;
20132;071079;C;200;201311064;A;;;;;;;;;;;;;;;
20132;071079;C;200;201311065;A;;;;;;;;;;;;;;;
20132;071079;C;200;201311066;A;;;;;;;;;;;;;;;
20132;071079;C;200;201311069;A;;;;;;;;;;;;;;;
20132;071079;C;200;201311070;A;;;;;;;;;;;;;;;
20132;071079;C;200;201311071;A;;;;;;;;;;;;;;;
20132;071079;C;200;201311072;A;;;;;;;;;;;;;;;
20132;071079;C;200;201311073;A;;;;;;;;;;;;;;;
20132;071079;C;200;201311074;A;;;;;;;;;;;;;;;
20132;071079;C;200;201311078;A;;;;;;;;;;;;;;;
20132;071079;C;200;201311079;A;;;;;;;;;;;;;;;
20132;071079;C;200;201311080;A;;;;;;;;;;;;;;;
20132;071079;C;200;201311081;A;;;;;;;;;;;;;;;
20132;071079;C;200;201311082;A;;;;;;;;;;;;;;;
20132;071079;C;200;201311083;A;;;;;;;;;;;;;;;
20132;071079;C;200;201311086;A;;;;;;;;;;;;;;;
20132;071079;C;200;201311087;A;;;;;;;;;;;;;;;
20132;071079;C;200;201311088;A;;;;;;;;;;;;;;;
20132;071079;C;200;201311090;A;;;;;;;;;;;;;;;
20132;071079;C;200;201311091;N;;;;;;;;;;;;;;;
20132;071079;C;200;201311092;N;;;;;;;;;;;;;;;
20132;071079;C;200;201311093;A;;;;;;;;;;;;;;;
20132;071079;C;200;201311094;N;;;;;;;;;;;;;;;
20132;071079;C;200;201311095;A;;;;;;;;;;;;;;;
20132;071079;C;200;201311096;A;;;;;;;;;;;;;;;
20132;071079;C;200;201311097;N;;;;;;;;;;;;;;;
20132;071079;C;200;201311098;A;;;;;;;;;;;;;;;
20132;071079;C;200;201311099;N;;;;;;;;;;;;;;;
20132;071079;C;200;201311100;A;;;;;;;;;;;;;;;
20132;071079;C;200;201311101;A;;;;;;;;;;;;;;;
20132;071079;C;200;201311102;N;;;;;;;;;;;;;;;
20132;071079;C;200;201311103;N;;;;;;;;;;;;;;;
20132;071079;C;200;201311104;A;;;;;;;;;;;;;;;
20132;071079;C;200;201311105;A;;;;;;;;;;;;;;;
20132;071079;C;200;201311106;A;;;;;;;;;;;;;;;
20132;071079;C;200;201311108;N;;;;;;;;;;;;;;;
20132;071079;C;200;201311109;N;;;;;;;;;;;;;;;
20132;071079;C;200;201311111;N;;;;;;;;;;;;;;;
20132;071079;C;200;201311112;A;;;;;;;;;;;;;;;
20132;071079;C;200;201311113;A;;;;;;;;;;;;;;;
20132;071079;C;200;201311114;N;;;;;;;;;;;;;;;
20132;071079;C;200;201311116;N;;;;;;;;;;;;;;;
20132;071079;C;200;201311117;A;;;;;;;;;;;;;;;
20132;071079;C;200;201311119;N;;;;;;;;;;;;;;;
20132;071079;C;200;201311120;A;;;;;;;;;;;;;;;
20132;071079;C;200;201311121;A;;;;;;;;;;;;;;;
20132;071079;C;200;201311122;A;;;;;;;;;;;;;;;
20132;071079;C;200;201311123;N;;;;;;;;;;;;;;;
20132;071079;C;200;201311124;A;;;;;;;;;;;;;;;
20132;071079;C;200;201311125;N;;;;;;;;;;;;;;;
20132;071079;C;200;201311127;N;;;;;;;;;;;;;;;
20132;071079;C;200;201311128;N;;;;;;;;;;;;;;;
20132;071079;C;200;201311129;A;;;;;;;;;;;;;;;
20132;071079;C;200;201311130;A;;;;;;;;;;;;;;;
20132;071079;C;200;201311132;A;;;;;;;;;;;;;;;
20132;071079;C;200;201311134;A;;;;;;;;;;;;;;;
20132;071079;C;200;201311136;N;;;;;;;;;;;;;;;
20132;071079;C;200;201311138;A;;;;;;;;;;;;;;;
20132;071079;C;200;201311139;A;;;;;;;;;;;;;;;
20132;071079;C;200;201311140;N;;;;;;;;;;;;;;;
20132;071079;C;200;201311141;N;;;;;;;;;;;;;;;
20132;071079;C;200;201311142;A;;;;;;;;;;;;;;;
20132;071079;C;200;201311143;N;;;;;;;;;;;;;;;
20132;071079;C;200;201311145;N;;;;;;;;;;;;;;;
20132;071079;C;200;201311147;A;;;;;;;;;;;;;;;
20132;071079;C;200;201311148;A;;;;;;;;;;;;;;;
20132;071079;C;200;201311149;A;;;;;;;;;;;;;;;
20132;071079;C;200;201311150;A;;;;;;;;;;;;;;;
20132;071079;C;200;201311151;N;;;;;;;;;;;;;;;
20132;071079;C;200;201311152;A;;;;;;;;;;;;;;;
20132;071079;C;200;201311153;A;;;;;;;;;;;;;;;
20132;071079;C;200;201311154;A;;;;;;;;;;;;;;;
20132;071079;C;200;201311155;N;;;;;;;;;;;;;;;
20132;071079;C;200;201311156;A;;;;;;;;;;;;;;;
20132;071079;C;200;201311157;A;;;;;;;;;;;;;;;
20132;071079;C;200;201311158;A;;;;;;;;;;;;;;;
20132;071079;C;200;201311160;A;;;;;;;;;;;;;;;
20132;071079;C;200;201311161;A;;;;;;;;;;;;;;;
20132;071079;C;200;201311162;A;;;;;;;;;;;;;;;
20132;071079;C;200;201311163;A;;;;;;;;;;;;;;;
20132;071079;C;200;201311164;A;;;;;;;;;;;;;;;
20132;071079;C;200;201311165;A;;;;;;;;;;;;;;;
20132;071079;C;200;201311166;A;;;;;;;;;;;;;;;
20132;071079;C;200;201311167;A;;;;;;;;;;;;;;;
20132;071079;C;200;201311168;A;;;;;;;;;;;;;;;
20132;071079;C;200;201311170;A;;;;;;;;;;;;;;;
20132;071079;C;200;201311173;A;;;;;;;;;;;;;;;
20132;071079;C;200;201311174;A;;;;;;;;;;;;;;;
20132;071079;C;200;201311176;N;;;;;;;;;;;;;;;
20132;071079;C;200;201311177;A;;;;;;;;;;;;;;;
20132;071079;C;200;201311179;A;;;;;;;;;;;;;;;
20132;071079;C;200;201311182;A;;;;;;;;;;;;;;;
20132;071079;C;200;201311183;A;;;;;;;;;;;;;;;
20132;071079;C;200;201311184;A;;;;;;;;;;;;;;;
20132;071079;C;200;201311185;A;;;;;;;;;;;;;;;
20132;071079;C;200;201311186;A;;;;;;;;;;;;;;;
20132;071079;C;200;201311187;N;;;;;;;;;;;;;;;
20132;071079;C;200;201311188;A;;;;;;;;;;;;;;;
20132;071079;C;200;201311189;N;;;;;;;;;;;;;;;
20132;071079;C;200;201311191;A;;;;;;;;;;;;;;;
20132;071079;C;200;201311192;A;;;;;;;;;;;;;;;
20132;071079;C;200;201311193;A;;;;;;;;;;;;;;;
20132;071079;C;200;201311196;A;;;;;;;;;;;;;;;
20132;071079;C;200;201311199;N;;;;;;;;;;;;;;;
20132;071079;C;200;201311200;A;;;;;;;;;;;;;;;
20132;071079;C;200;201311202;N;;;;;;;;;;;;;;;
20132;071079;C;200;201311203;A;;;;;;;;;;;;;;;
20132;071079;C;200;201311204;A;;;;;;;;;;;;;;;
20132;071079;C;200;201311205;A;;;;;;;;;;;;;;;
20132;071079;C;200;201311207;A;;;;;;;;;;;;;;;
20132;071079;C;200;201311208;A;;;;;;;;;;;;;;;
20132;071079;C;200;201311209;A;;;;;;;;;;;;;;;
20132;071079;C;200;201311210;A;;;;;;;;;;;;;;;
20132;071079;C;200;201311211;A;;;;;;;;;;;;;;;
20132;071079;C;200;201311213;A;;;;;;;;;;;;;;;
20132;071079;C;200;201311214;A;;;;;;;;;;;;;;;
20132;071079;C;200;201311217;N;;;;;;;;;;;;;;;
20132;071079;C;200;201311218;A;;;;;;;;;;;;;;;
20132;071079;C;200;201311219;A;;;;;;;;;;;;;;;
20132;071079;C;200;201311220;A;;;;;;;;;;;;;;;
20132;071079;C;200;201311221;N;;;;;;;;;;;;;;;
20132;071079;C;200;201311222;A;;;;;;;;;;;;;;;
20132;071079;C;200;201311223;A;;;;;;;;;;;;;;;
20132;071079;C;200;201311225;A;;;;;;;;;;;;;;;
20132;071079;C;200;201311226;A;;;;;;;;;;;;;;;
20132;071079;C;200;201311227;A;;;;;;;;;;;;;;;
20132;071079;C;200;201311229;A;;;;;;;;;;;;;;;
20132;071079;C;200;201311230;A;;;;;;;;;;;;;;;
20132;071079;C;200;201311231;N;;;;;;;;;;;;;;;
20132;071079;C;200;201311232;N;;;;;;;;;;;;;;;
20132;071079;C;200;201311233;A;;;;;;;;;;;;;;;
20132;071079;C;200;201311235;A;;;;;;;;;;;;;;;
20132;071079;C;200;201311236;A;;;;;;;;;;;;;;;
20132;071079;C;200;201311237;N;;;;;;;;;;;;;;;
20132;071079;C;200;201311239;A;;;;;;;;;;;;;;;
20132;071079;C;200;201311242;A;;;;;;;;;;;;;;;
20132;071079;C;200;201311244;N;;;;;;;;;;;;;;;
20132;071079;C;200;201311246;A;;;;;;;;;;;;;;;
20132;071079;C;200;201311247;N;;;;;;;;;;;;;;;
20132;071079;C;200;201311250;A;;;;;;;;;;;;;;;
20132;071079;C;200;201311251;N;;;;;;;;;;;;;;;
20132;071079;C;200;201311252;A;;;;;;;;;;;;;;;
20132;071079;C;200;201311253;A;;;;;;;;;;;;;;;
20132;071079;C;200;201311257;N;;;;;;;;;;;;;;;
20132;071079;C;200;201311258;N;;;;;;;;;;;;;;;
20132;071079;C;200;201311260;N;;;;;;;;;;;;;;;
20132;071079;C;200;201311264;A;;;;;;;;;;;;;;;
20132;071079;C;200;201311265;A;;;;;;;;;;;;;;;
20132;071079;C;200;201311266;N;;;;;;;;;;;;;;;
20132;071079;C;200;201311267;N;;;;;;;;;;;;;;;
20132;071079;C;200;201311269;A;;;;;;;;;;;;;;;
20132;071079;C;200;201311270;A;;;;;;;;;;;;;;;
20132;071079;C;200;201311271;A;;;;;;;;;;;;;;;
20132;071079;C;200;201311272;A;;;;;;;;;;;;;;;
20132;071079;C;200;201311273;A;;;;;;;;;;;;;;;
20132;071079;C;200;201311274;N;;;;;;;;;;;;;;;
20132;071079;C;200;201311275;N;;;;;;;;;;;;;;;
20132;071079;C;200;201311277;A;;;;;;;;;;;;;;;
20132;071079;C;200;201311278;A;;;;;;;;;;;;;;;
20132;071079;C;200;201311280;A;;;;;;;;;;;;;;;
20132;071079;C;200;201311282;A;;;;;;;;;;;;;;;
20132;071079;C;200;201311283;A;;;;;;;;;;;;;;;
20132;071079;C;200;201311284;A;;;;;;;;;;;;;;;
20132;071079;C;200;201311285;N;;;;;;;;;;;;;;;
20132;071079;C;200;201311287;A;;;;;;;;;;;;;;;
20132;071079;C;200;201311288;A;;;;;;;;;;;;;;;
20132;071079;C;200;201311289;N;;;;;;;;;;;;;;;
20132;071079;C;200;201311290;A;;;;;;;;;;;;;;;
20132;071079;C;200;201311291;N;;;;;;;;;;;;;;;
20132;071079;C;200;201311293;N;;;;;;;;;;;;;;;
20132;071079;C;200;201311294;N;;;;;;;;;;;;;;;
20132;071079;C;200;201311295;N;;;;;;;;;;;;;;;
20132;071079;C;200;201311297;A;;;;;;;;;;;;;;;
20132;071079;C;200;201311298;A;;;;;;;;;;;;;;;
20132;071079;C;200;201311299;A;;;;;;;;;;;;;;;
20132;071079;C;200;201311300;N;;;;;;;;;;;;;;;
20132;071079;C;200;201311301;A;;;;;;;;;;;;;;;
20132;071079;C;200;201311302;A;;;;;;;;;;;;;;;
20132;071079;C;200;201311303;N;;;;;;;;;;;;;;;
20132;071079;C;200;201311306;N;;;;;;;;;;;;;;;
20132;071079;C;200;201311307;N;;;;;;;;;;;;;;;
20132;071079;C;200;201311309;N;;;;;;;;;;;;;;;
20132;071079;C;200;201311310;N;;;;;;;;;;;;;;;
20132;071079;C;200;201311311;A;;;;;;;;;;;;;;;
20132;071079;C;200;201311312;A;;;;;;;;;;;;;;;
20132;071079;C;200;201311313;N;;;;;;;;;;;;;;;
20132;071079;C;200;201311314;N;;;;;;;;;;;;;;;
20132;071079;C;200;201311315;N;;;;;;;;;;;;;;;
20132;071079;C;200;201311316;N;;;;;;;;;;;;;;;
20132;071079;C;200;201311317;N;;;;;;;;;;;;;;;
20132;071079;C;200;201311318;A;;;;;;;;;;;;;;;
20132;071079;C;200;201311319;A;;;;;;;;;;;;;;;
20132;071079;C;200;201311320;N;;;;;;;;;;;;;;;
20132;071079;C;200;201311321;A;;;;;;;;;;;;;;;
20132;071079;C;200;201311323;N;;;;;;;;;;;;;;;
20132;071079;C;200;201311324;N;;;;;;;;;;;;;;;
20132;071079;C;200;201311325;N;;;;;;;;;;;;;;;
20132;071079;C;200;201311328;N;;;;;;;;;;;;;;;
20132;071079;C;200;201311329;N;;;;;;;;;;;;;;;
20132;071079;C;200;201311330;A;;;;;;;;;;;;;;;
20132;071079;C;200;201311331;N;;;;;;;;;;;;;;;
20132;071079;C;200;201311332;A;;;;;;;;;;;;;;;
20132;071079;C;200;201311333;N;;;;;;;;;;;;;;;
20132;071079;C;200;201311334;A;;;;;;;;;;;;;;;
20132;071079;C;200;201311335;N;;;;;;;;;;;;;;;
20132;071079;C;200;201311337;A;;;;;;;;;;;;;;;
20132;071079;C;200;201311339;A;;;;;;;;;;;;;;;
20132;071079;C;200;201311342;N;;;;;;;;;;;;;;;
20132;071079;C;200;201311343;N;;;;;;;;;;;;;;;
20132;071079;C;200;201311344;A;;;;;;;;;;;;;;;
20132;071079;C;200;201311345;N;;;;;;;;;;;;;;;
20132;071079;C;200;201311346;N;;;;;;;;;;;;;;;
20132;071079;C;200;201311347;A;;;;;;;;;;;;;;;
20132;071079;C;200;201311350;N;;;;;;;;;;;;;;;
20132;071079;C;200;201311351;N;;;;;;;;;;;;;;;
20132;071079;C;200;201311352;N;;;;;;;;;;;;;;;
20132;071079;C;200;201311353;N;;;;;;;;;;;;;;;
20132;071079;C;200;201311355;N;;;;;;;;;;;;;;;
20132;071079;C;200;201311356;N;;;;;;;;;;;;;;;
20132;071079;C;200;201311358;N;;;;;;;;;;;;;;;
20132;071079;C;200;201311359;A;;;;;;;;;;;;;;;
20132;071079;C;200;201311362;N;;;;;;;;;;;;;;;
20132;071079;C;200;201311363;N;;;;;;;;;;;;;;;
20132;071079;C;200;201311364;N;;;;;;;;;;;;;;;
20132;071079;C;200;201311365;A;;;;;;;;;;;;;;;
20132;071079;C;200;201311366;A;;;;;;;;;;;;;;;
20132;071079;C;200;201311367;N;;;;;;;;;;;;;;;
20132;071079;C;200;201311368;N;;;;;;;;;;;;;;;
20132;071079;C;200;201311369;A;;;;;;;;;;;;;;;
20132;071079;C;200;201311370;A;;;;;;;;;;;;;;;
20132;071079;C;200;201311374;N;;;;;;;;;;;;;;;
20132;071079;C;200;201311375;N;;;;;;;;;;;;;;;
20132;071079;C;200;201311376;A;;;;;;;;;;;;;;;
20132;071079;C;200;201311377;A;;;;;;;;;;;;;;;
20132;071079;C;200;201311380;N;;;;;;;;;;;;;;;
20132;071079;C;200;201311381;N;;;;;;;;;;;;;;;
20132;071079;C;200;201311382;N;;;;;;;;;;;;;;;
20132;071079;C;200;201311384;A;;;;;;;;;;;;;;;
20132;071079;C;200;201311388;N;;;;;;;;;;;;;;;
20132;071079;C;200;201311391;A;;;;;;;;;;;;;;;
20132;071079;C;200;201311392;N;;;;;;;;;;;;;;;
20132;071079;C;200;201311393;N;;;;;;;;;;;;;;;
20132;071079;C;200;201311394;N;;;;;;;;;;;;;;;
20132;071079;C;200;201311395;N;;;;;;;;;;;;;;;
20132;071079;C;200;201311397;N;;;;;;;;;;;;;;;
20132;071079;C;200;201311399;N;;;;;;;;;;;;;;;
20132;071079;C;200;201311401;N;;;;;;;;;;;;;;;
20132;071079;C;200;201311402;A;;;;;;;;;;;;;;;
20132;071079;C;200;201311403;A;;;;;;;;;;;;;;;
20132;071079;C;200;201311405;N;;;;;;;;;;;;;;;
20132;071079;C;200;201311408;A;;;;;;;;;;;;;;;
20132;071079;C;200;201311409;N;;;;;;;;;;;;;;;
20132;071079;C;200;201311411;N;;;;;;;;;;;;;;;
20132;071079;C;200;201311416;A;;;;;;;;;;;;;;;
20132;071079;C;200;201311420;N;;;;;;;;;;;;;;;
20132;071079;C;200;201311421;N;;;;;;;;;;;;;;;
20132;071079;C;200;201311422;N;;;;;;;;;;;;;;;
20132;071079;C;200;201311423;A;;;;;;;;;;;;;;;
20132;071079;C;200;201311426;N;;;;;;;;;;;;;;;
20132;071079;C;200;201311427;A;;;;;;;;;;;;;;;
20132;071079;C;200;201311428;N;;;;;;;;;;;;;;;
20132;071079;C;200;201311431;N;;;;;;;;;;;;;;;
20132;071079;C;200;201311432;N;;;;;;;;;;;;;;;
20132;071079;C;200;201311439;A;;;;;;;;;;;;;;;
20132;071079;C;200;201311442;N;;;;;;;;;;;;;;;
20132;071079;C;200;201311445;N;;;;;;;;;;;;;;;
20132;071079;C;200;201311446;A;;;;;;;;;;;;;;;
20132;071079;C;200;201311447;N;;;;;;;;;;;;;;;
20132;071079;C;200;201311450;N;;;;;;;;;;;;;;;
20132;071079;C;200;201311451;N;;;;;;;;;;;;;;;
20132;071079;C;200;201311453;N;;;;;;;;;;;;;;;
20132;071079;C;200;201311454;N;;;;;;;;;;;;;;;
20132;071079;C;200;201311456;A;;;;;;;;;;;;;;;
20132;071079;C;200;201311457;N;;;;;;;;;;;;;;;
20132;071079;C;200;201311458;N;;;;;;;;;;;;;;;
20132;071079;C;200;201311459;N;;;;;;;;;;;;;;;
20132;071079;C;200;201311460;N;;;;;;;;;;;;;;;
20132;071079;C;200;201311461;A;;;;;;;;;;;;;;;
20132;071079;C;200;201311462;A;;;;;;;;;;;;;;;
20132;071079;C;200;201311463;N;;;;;;;;;;;;;;;
20132;071079;C;200;201311464;A;;;;;;;;;;;;;;;
20132;071079;C;200;201311465;A;;;;;;;;;;;;;;;
20132;071079;C;200;201311466;N;;;;;;;;;;;;;;;
20132;071079;C;200;201311467;A;;;;;;;;;;;;;;;
20132;071079;C;200;201311468;A;;;;;;;;;;;;;;;
20132;071079;C;200;201311469;A;;;;;;;;;;;;;;;
20132;071079;C;200;201311470;N;;;;;;;;;;;;;;;
20132;071079;C;200;201311471;N;;;;;;;;;;;;;;;
20132;071079;C;200;201311472;N;;;;;;;;;;;;;;;
20132;071079;C;200;201311473;N;;;;;;;;;;;;;;;
20132;071079;C;200;201311474;N;;;;;;;;;;;;;;;
20132;071079;C;200;201311475;N;;;;;;;;;;;;;;;
20132;071079;C;200;201311476;N;;;;;;;;;;;;;;;
20132;071079;C;200;201311477;N;;;;;;;;;;;;;;;
20132;071079;C;200;201311478;N;;;;;;;;;;;;;;;
20132;071079;C;200;201311479;N;;;;;;;;;;;;;;;
20132;071079;C;200;201311480;N;;;;;;;;;;;;;;;
20132;071079;C;200;201311481;A;;;;;;;;;;;;;;;
20132;071079;C;200;201311482;A;;;;;;;;;;;;;;;
20132;071079;C;200;201311483;N;;;;;;;;;;;;;;;
20132;071079;C;200;201311484;N;;;;;;;;;;;;;;;
20132;071079;C;200;201311485;N;;;;;;;;;;;;;;;
20132;071079;C;200;201311486;N;;;;;;;;;;;;;;;
20132;071079;C;200;201311487;N;;;;;;;;;;;;;;;
20132;071079;C;200;201311488;N;;;;;;;;;;;;;;;
20132;071079;C;200;201311489;N;;;;;;;;;;;;;;;
20132;071079;C;200;201311490;N;;;;;;;;;;;;;;;
20132;071079;C;200;201311491;N;;;;;;;;;;;;;;;
20132;071079;C;200;201311492;N;;;;;;;;;;;;;;;
20132;071079;C;200;201311493;N;;;;;;;;;;;;;;;
20132;071079;C;200;201311494;N;;;;;;;;;;;;;;;
20132;071079;C;200;201311495;N;;;;;;;;;;;;;;;
20132;071079;C;200;201311496;N;;;;;;;;;;;;;;;
20132;071079;C;200;201311497;N;;;;;;;;;;;;;;;
20132;071079;C;200;201311498;N;;;;;;;;;;;;;;;
20132;071079;C;200;201311499;N;;;;;;;;;;;;;;;
20132;071079;C;200;201311500;A;;;;;;;;;;;;;;;
20132;071079;C;200;201311501;N;;;;;;;;;;;;;;;
20132;071079;C;200;201311502;N;;;;;;;;;;;;;;;
20132;071079;C;200;201311503;N;;;;;;;;;;;;;;;
20132;071079;C;200;201311504;N;;;;;;;;;;;;;;;
20132;071079;C;200;201311505;N;;;;;;;;;;;;;;;
20132;071079;C;200;201311506;N;;;;;;;;;;;;;;;
20132;071079;C;200;201311507;N;;;;;;;;;;;;;;;
20132;071079;C;200;201311508;N;;;;;;;;;;;;;;;
20132;071079;C;200;201311509;N;;;;;;;;;;;;;;;
20132;071079;C;200;201311511;N;;;;;;;;;;;;;;;
20132;071079;C;200;201311512;A;;;;;;;;;;;;;;;
20132;071079;C;200;201311513;N;;;;;;;;;;;;;;;
20132;071079;C;200;201311515;A;;;;;;;;;;;;;;;
20132;071079;C;200;201311516;N;;;;;;;;;;;;;;;
20132;071079;C;200;201311517;N;;;;;;;;;;;;;;;
20132;071079;C;200;201311518;N;;;;;;;;;;;;;;;
20132;071079;C;200;201311520;N;;;;;;;;;;;;;;;
20132;071079;C;200;201311521;N;;;;;;;;;;;;;;;
20132;071079;C;200;201311522;N;;;;;;;;;;;;;;;
20132;071079;C;200;201311523;N;;;;;;;;;;;;;;;
20132;071079;C;200;201311524;N;;;;;;;;;;;;;;;
20132;071079;C;200;201311525;N;;;;;;;;;;;;;;;
20132;071079;C;200;201311526;N;;;;;;;;;;;;;;;
20132;071079;C;200;201311527;N;;;;;;;;;;;;;;;
20132;071079;C;200;201311529;N;;;;;;;;;;;;;;;
20132;071079;C;200;201311530;N;;;;;;;;;;;;;;;
20132;071079;C;200;201311531;N;;;;;;;;;;;;;;;
20132;071079;C;200;201311532;N;;;;;;;;;;;;;;;
20132;071079;C;200;201311533;N;;;;;;;;;;;;;;;
20132;071079;C;200;201311535;N;;;;;;;;;;;;;;;
20132;071079;C;200;201311536;N;;;;;;;;;;;;;;;
20132;071079;C;200;201311537;A;;;;;;;;;;;;;;;
