THSMSTRAKD;KDPTITRAKD;KDJENTRAKD;KDPSTTRAKD;NODOSTRAKD;KDKMKTRKAD;KELASTRAKD;TMRENTRAKD;TMRELTRAKD
20132;071079;C;200;305015505;EMA403;01;0;0
20132;071079;C;200;12115901;EMA606;01;0;0
20132;071079;C;200;315026303;EDA204;14;0;0
20132;071079;C;200;316047901;EMA301;10;0;0
20132;071079;C;200;311016501;EMA602;10;0;0
20132;071079;C;200;311016501;EMA602;11;0;0
20132;071079;C;200;310018004;EMA502;10;0;0
20132;071079;C;200;;EDP909;02;0;0
20132;071079;C;200;301056502;EMA605;01;0;0
20132;071079;C;200;;EMA304;10;0;0
20132;071079;C;200;310018004;EMA702;10;0;0
20132;071079;C;200;302076701;EMA603;01;0;0
20132;071079;C;200;;EMA402;10;0;0
20132;071079;C;200;;EMA701;01;0;0
20132;071079;C;200;;EMA831;10;0;0
20132;071079;C;200;319127407;EMA402;11;0;0
20132;071079;C;200;302076701;EMA501;10;0;0
20132;071079;C;200;18107001;EDP906;01;0;0
20132;071079;C;200;305015505;EMA403;03;0;0
20132;071079;C;200;28115701;EMA401;02;0;0
20132;071079;C;200;315077803;EMA402;02;0;0
20132;071079;C;200;305015505;EMA403;04;0;0
20132;071079;C;200;318037301;EDA601;12;0;0
20132;071079;C;200;305015505;EMA403;10;0;0
20132;071079;C;200;319127407;EMA302;10;0;0
20132;071079;C;200;315077803;EMA503;10;0;0
20132;071079;C;200;324047005;EMA604;02;0;0
20132;071079;C;200;303037503;EDA204;06;0;0
20132;071079;C;200;12115901;EMA401;10;0;0
20132;071079;C;200;;ESA155;21;0;0
20132;071079;C;200;302076701;EMA603;10;0;0
20132;071079;C;200;316047901;EMA606;11;0;0
20132;071079;C;200;301056502;EDP906;10;0;0
20132;071079;C;200;301056502;EMA602;01;0;0
20132;071079;C;200;305015505;EMA501;10;0;0
20132;071079;C;200;;EMA831;01;0;0
20132;071079;C;200;;EMA701;10;0;0
20132;071079;C;200;315077803;EMA402;01;0;0
20132;071079;C;200;28115701;EMA401;01;0;0
20132;071079;C;200;12115901;EMA601;02;0;0
20132;071079;C;200;18085411;EMA303;10;0;0
20132;071079;C;200;318037301;EMA605;10;0;0
20132;071079;C;200;319107802;EDA204;07;0;0
20132;071079;C;200;316046502;EMA604;10;0;0
20132;071079;C;200;315026303;EDA204;11;0;0
20132;071079;C;200;308117501;EDA101;11;0;0
20132;071079;C;200;;EDP909;10;0;0
20132;071079;C;200;303097004;EMA605;02;0;0
20132;071079;C;200;316046502;EMA604;11;0;0
20132;071079;C;200;324047005;EMA604;01;0;0
20132;071079;C;200;315064601;EDA203;04;0;0
20132;071079;C;200;18085411;EMA401;11;0;0
20132;071079;C;200;12115901;EMA601;01;0;0
20132;071079;C;200;302095901;EMA606;10;0;0
20132;071079;C;200;305015505;EMA403;02;0;0
20132;071079;C;200;12115901;EMA606;02;0;0
20132;071079;C;200;303037503;EDA204;10;0;0
20132;071079;C;200;306026601;ESA143;10;0;0
20132;071079;C;200;;EDP909;01;0;0
20132;071079;C;200;302076701;EMA603;02;0;0
20132;071079;C;200;12115901;EMA601;10;0;0
